Workbook

Sheet Données
A1: Date & Heure | B1: Mails reçus | C1: Requêtes réseau | D1: Tentatives de connexion | E1: Fichiers analysés | F1: Alertes IDS | G1: Trafic entrant (MB) | H1: Trafic sortant (MB) | I1: Connexions refusées | J1: Processus suspects
A2: 45748 | B2: 1127 | C2: 5102 | D2: 120 | E2: 34 | F2: 1 | G2: 60.2 | H2: 41.8 | I2: 64 | J2: 0
A3: 45749 | B3: 911 | C3: 7069 | D3: 56 | E3: 32 | F3: 5 | G3: 120.1 | H3: 38 | I3: 45 | J3: 1
A4: 45750 | B4: 974 | C4: 5636 | D4: 136 | E4: 25 | F4: 3 | G4: 85.9 | H4: 30.6 | I4: 15 | J4: 3
A5: 45751 | B5: 863 | C5: 6550 | D5: 191 | E5: 60 | F5: 4 | G5: 107.7 | H5: 21.8 | I5: 39 | J5: 2
A6: 45752 | B6: 919 | C6: 5413 | D6: 121 | E6: 60 | F6: 2 | G6: 87 | H6: 30.7 | I6: 19 | J6: 1
A7: 45753 | B7: 1173 | C7: 5669 | D7: 147 | E7: 60 | F7: 5 | G7: 72 | H7: 50.7 | I7: 17 | J7: 0
A8: 45754 | B8: 1005 | C8: 5271 | D8: 195 | E8: 40 | F8: 1 | G8: 99.9 | H8: 45.7 | I8: 28 | J8: 1
A9: 45755 | B9: 1181 | C9: 7207 | D9: 199 | E9: 57 | F9: 3 | G9: 71.9 | H9: 40.4 | I9: 21 | J9: 0
A10: 45756 | B10: 878 | C10: 5655 | D10: 158 | E10: 24 | F10: 3 | G10: 109.6 | H10: 30.1 | I10: 80 | J10: 0
A11: 45757 | B11: 1074 | C11: 6092 | D11: 137 | E11: 38 | F11: 3 | G11: 95.4 | H11: 55 | I11: 43 | J11: 1
A12: 45758 | B12: 854 | C12: 7561 | D12: 179 | E12: 32 | F12: 1 | G12: 126.3 | H12: 51.1 | I12: 77 | J12: 2
A13: 45759 | B13: 809 | C13: 6486 | D13: 128 | E13: 23 | F13: 1 | G13: 144.7 | H13: 39.4 | I13: 18 | J13: 1
... A44: 45777.542 | B44: 958 | C44: 6004 | D44: 107 | E44: 40 | F44: 1 | G44: 67.7 | H44: 36.4 | I44: 44 | J44: 2

Sheet Configuration
A1: ⚙ CONFIGURATION DES SEUILS D'ALERTE
A2: Modifiez les seuils ci-dessous. Le script Python utilisera ces valeurs pour déclencher les alertes mail.
A4: Indicateur | B4: Seuil AVERTISSEMENT | C4: Seuil CRITIQUE | D4: Fenêtre (jours) | E4: Variation max (%) | F4: Description
A5: Mails reçus | B5: 500 | C5: 1000 | D5: 1 | E5: 150 | F5: Hausse = phishing campaign
A6: Requêtes réseau | B6: 200 | C6: 500 | D6: 1 | E6: 200 | F6: Hausse = DDoS / scan massif
A7: Tentatives de connexion | B7: 400 | C7: 1000 | D7: 1 | E7: 300 | F7: Hausse = brute-force / credential stuffing
A8: Alertes IDS | B8: 20 | C8: 50 | D8: 1 | E8: 500 | F8: Hausse = intrusion active
A9: Trafic entrant (MB) | B9: 300 | C9: 600 | D9: 1 | E9: 250 | F9: Hausse = exfiltration entrante / DDoS
A10: Connexions refusées | B10: 200 | C10: 500 | D10: 1 | E10: 400 | F10: Hausse = scan agressif
A11: Processus suspects | B11: 5 | C11: 10 | D11: 1 | E11: 200 | F11: Hausse = malware actif
A13: 📧 CONFIGURATION MAIL
A14: SMTP Serveur | B14: smtp.gmail.com | C14: Ex: smtp.office365.com
A15: SMTP Port | B15: 587 | C15: 587 (TLS) ou 465 (SSL)
A16: Expéditeur | B16: manuelkevin4real@gmail.com | C16: Adresse mail d'envoi
A17: Mot de passe | B17: 675909477Mk | C17: Utiliser un mot de passe d'application
A18: Destinataire | B18: manuelkevinfouda@icloud.com | C18: Adresse de réception des alertes
A19: Nom entreprise | B19: CyberShield Solutions | C19: Affiché dans le corps du mail

Sheet KPI Dashboard
A1: 🛡 CYBERSECURITY INCIDENT RESPONSE — KPI DASHBOARD
A2: Généré le 26/05/2026 23:07 | Données : 30 derniers jours | Source : Données!A2:J31
A4: Total Mails | C4: Moy. Requêtes/j | E4: Tentatives connexion | G4: Alertes IDS totales | I4: Trafic entrant max | K4: Processus suspects
A5: =SUM(Données!B2:B31) | C5: =AVERAGE(Données!C2:C31) | E5: =SUM(Données!D2:D31) | G5: =SUM(Données!F2:F31) | I5: =MAX(Données!G2:G31) | K5: =SUM(Données!J2:J31)
A6: Mails sur 30j | C6: Requêtes réseau moy. | E6: Cumul 30j | G6: Intrusions détectées | I6: Pic (MB) — 30j | K6: Cumul détections
A8: STATUS DES INDICATEURS — Comparaison vs seuils Configuration
A9: Indicateur | B9: Valeur J-1 (dernier) | C9: Seuil AVERT. | D9: Seuil CRIT. | E9: Statut | F9: Variation vs J-2
A10: Mails reçus | B10: 15000 | C10: =Configuration!B5 | D10: =Configuration!C5 | E10: =IF(B10>=D10,"🔴 CRITIQUE",IF(B10>=C10,"🟡 AVERTISSEMENT","🟢 OK")) | F10: =IF(Données!B30>0,(Données!B31-Données!B30)/Données!B30,0)
A11: Requêtes réseau | B11: =Données!C31 | C11: =Configuration!B6 | D11: =Configuration!C6 | E11: =IF(B11>=D11,"🔴 CRITIQUE",IF(B11>=C11,"🟡 AVERTISSEMENT","🟢 OK")) | F11: =IF(Données!C30>0,(Données!C31-Données!C30)/Données!C30,0)
A12: Tentatives connexion | B12: =Données!D31 | C12: =Configuration!B7 | D12: =Configuration!C7 | E12: =IF(B12>=D12,"🔴 CRITIQUE",IF(B12>=C12,"🟡 AVERTISSEMENT","🟢 OK")) | F12: =IF(Données!D30>0,(Données!D31-Données!D30)/Données!D30,0)
A13: Alertes IDS | B13: =Données!F31 | C13: =Configuration!B8 | D13: =Configuration!C8 | E13: =IF(B13>=D13,"🔴 CRITIQUE",IF(B13>=C13,"🟡 AVERTISSEMENT","🟢 OK")) | F13: =IF(Données!F30>0,(Données!F31-Données!F30)/Données!F30,0)
A14: Trafic entrant (MB) | B14: =Données!G31 | C14: =Configuration!B9 | D14: =Configuration!C9 | E14: =IF(B14>=D14,"🔴 CRITIQUE",IF(B14>=C14,"🟡 AVERTISSEMENT","🟢 OK")) | F14: =IF(Données!G30>0,(Données!G31-Données!G30)/Données!G30,0)
A15: Connexions refusées | B15: =Données!I31 | C15: =Configuration!B10 | D15: =Configuration!C10 | E15: =IF(B15>=D15,"🔴 CRITIQUE",IF(B15>=C15,"🟡 AVERTISSEMENT","🟢 OK")) | F15: =IF(Données!I30>0,(Données!I31-Données!I30)/Données!I30,0)
A16: Processus suspects | B16: =Données!J31 | C16: =Configuration!B11 | D16: =Configuration!C11 | E16: =IF(B16>=D16,"🔴 CRITIQUE",IF(B16>=C16,"🟡 AVERTISSEMENT","🟢 OK")) | F16: =IF(Données!J30>0,(Données!J31-Données!J30)/Données!J30,0)

Sheet Journal Alertes
A1: 📋 JOURNAL DES ALERTES — Historique des déclenchements
A2: Horodatage | B2: Indicateur | C2: Valeur détectée | D2: Seuil dépassé | E2: Sévérité | F2: Mail envoyé | G2: Commentaire
A3: 45768.158 | B3: Requêtes réseau | C3: 32147 | D3: 25000 | E3: 🔴 CRITIQUE | F3: ✅ Oui | G3: DDoS potentiel détecté — pic anormal
A4: 45768.159 | B4: Mails reçus | C4: 4823 | D4: 3000 | E4: 🔴 CRITIQUE | F4: ✅ Oui | G4: Campagne phishing suspectée
A5: 45768.161 | B5: Alertes IDS | C5: 67 | D5: 50 | E5: 🔴 CRITIQUE | F5: ✅ Oui | G5: Intrusion active confirmée IDS
A6: 45768.163 | B6: Connexions refusées | C6: 587 | D6: 500 | E6: 🔴 CRITIQUE | F6: ✅ Oui | G6: Scan agressif simultané
A7: 45768.199 | B7: Requêtes réseau | C7: 14200 | D7: 12000 | E7: 🟡 AVERT. | F7: ✅ Oui | G7: Trafic encore élevé post-incident
A8: 46168.965 | B8: Mails reçus | C8: 4500 | D8: 3000 | E8: 🔴 CRITIQUE | F8: 🔇 Non (dry-run) | G8: Variation: +392.9% vs valeur précédente
A9: 46168.965 | B9: Requêtes réseau | C9: 28000 | D9: 25000 | E9: 🔴 CRITIQUE | F9: 🔇 Non (dry-run) | G9: Variation: +306.7% vs valeur précédente
A10: 46169.5 | B10: Mails reçus | C10: 2668 | D10: 1000 | E10: 🔴 CRITIQUE | F10: 🔇 Non (dry-run) | G10: Variation: +645.3% vs valeur précédente
A11: 46169.5 | B11: Requêtes réseau | C11: 7426 | D11: 500 | E11: 🔴 CRITIQUE | F11: 🔇 Non (dry-run) | G11: Variation: +137.9% vs valeur précédente
A12: 46169.5 | B12: Tentatives de connexion | C12: 440 | D12: 400 | E12: 🟡 AVERTISSEMENT | F12: 🔇 Non (dry-run) | G12: Variation: +877.8% vs valeur précédente
A13: 46169.563 | B13: Mails reçus | C13: 1071 | D13: 1000 | E13: 🔴 CRITIQUE | F13: 🔇 Non (dry-run) | G13: Variation: -59.9% vs valeur précédente
A14: 46169.563 | B14: Requêtes réseau | C14: 7687 | D14: 500 | E14: 🔴 CRITIQUE | F14: 🔇 Non (dry-run) | G14: Variation: +3.5% vs valeur précédente

Sheet PowerBI — Guide
A1: 📊 GUIDE DE CONNEXION POWER BI
A3: ÉTAPE 1 | B3: Ouvrir Power BI Desktop | C3: Fichier → Obtenir des données → Classeur Excel
A4: ÉTAPE 2 | B4: Sélectionner ce fichier | C4: Cocher les feuilles : Données, KPI Dashboard, Configuration
A5: ÉTAPE 3 | B5: Créer les visuels | C5: Voir le fichier PowerBI_Template_Guide.txt fourni
A6: ÉTAPE 4 | B6: Configurer l'actualisation | C6: Accueil → Actualiser → Planifier l'actualisation
A7: ÉTAPE 5 | B7: Publier | C7: Accueil → Publier → Sélectionner l'espace de travail
